{
  "version": 1,
  "author": "TI3042 - Hardware Devices Final",
  "editor": "wokwi",
  "parts": [
    { "type": "wokwi-esp32-devkit-v1", "id": "esp", "top": 200, "left": 400, "attrs": {} },
    { "type": "wokwi-dht22", "id": "dht1", "top": 86.7, "left": 292.2, "attrs": {} },
    { "type": "wokwi-ssd1306", "id": "oled1", "top": 83.5, "left": 357.1, "attrs": {} },
    { "type": "wokwi-buzzer", "id": "buzzer1", "top": 376.8, "left": 299.4, "attrs": {} },
    { "type": "wokwi-dc-motor", "id": "fan1", "top": 300, "left": 700, "attrs": {} },
    {
      "type": "wokwi-led",
      "id": "statusled",
      "top": 207.6,
      "left": 656.6,
      "attrs": { "color": "red" }
    },
    {
      "type": "wokwi-resistor",
      "id": "r1",
      "top": 378.35,
      "left": 624,
      "attrs": { "value": "220" }
    },
    {
      "type": "wokwi-resistor",
      "id": "r2",
      "top": 253.55,
      "left": 624,
      "attrs": { "value": "220" }
    },
    {
      "type": "wokwi-led",
      "id": "led1",
      "top": 332.4,
      "left": 656.6,
      "attrs": { "color": "blue", "flip": "" }
    }
  ],
  "connections": [
    [ "esp:TX0", "$serialMonitor:RX", "", [] ],
    [ "esp:RX0", "$serialMonitor:TX", "", [] ],
    [ "esp:GND.1", "dht1:GND", "black", [ "h-165.3", "v-214.6" ] ],
    [ "esp:3V3", "dht1:VCC", "red", [ "h-194.1", "v-224.1" ] ],
    [ "esp:D4", "dht1:SDA", "green", [ "h-184.5", "v-185.6" ] ],
    [ "esp:GND.1", "oled1:GND", "black", [ "v-3.4", "h7.5", "v-268.8", "h-48.2" ] ],
    [ "esp:3V3", "oled1:VCC", "red", [ "h-50", "v-120", "h7.5" ] ],
    [ "esp:D21", "oled1:SDA", "blue", [ "h-50", "v-100", "h7.5" ] ],
    [ "esp:D22", "oled1:SCL", "yellow", [ "h-50", "v-80", "h7.5" ] ],
    [ "esp:D2", "r1:1", "orange", [ "h65.1", "v149.6" ] ],
    [ "r1:2", "fan1:1", "orange", [ "h100", "v-50" ] ],
    [ "fan1:2", "esp:GND.1", "black", [ "h-300", "v-100" ] ],
    [ "esp:D18", "r2:1", "cyan", [ "h65.1", "v-80.1" ] ],
    [ "r2:2", "statusled:A", "cyan", [ "h-1.2", "v-9.6" ] ],
    [ "statusled:C", "esp:GND.1", "black", [ "h-124.4", "v99.4" ] ],
    [ "r1:2", "led1:A", "orange", [ "v0" ] ],
    [ "led1:C", "esp:GND.1", "black", [ "h-124.4", "v-25.4" ] ],
    [ "esp:D5", "buzzer1:2", "red", [ "h17.1", "v159.9" ] ],
    [ "buzzer1:1", "esp:GND.1", "black", [ "v9.6", "h182.4", "v-115.2", "h-7.5" ] ]
  ],
  "dependencies": {}
}